{"cameraMode":{"drawMode":0,"name":"Shaded","section":"Shading Mode"},"sceneLighting":true,"audioPlay":false,"sceneViewState":{"showFog":true,"showMaterialUpdate":false,"showSkybox":true,"showFlares":true,"showImageEffects":true,"showParticleSystems":true},"in2DMode":false,"pivot":{"x":-7.401314735412598,"y":8.201587677001954,"z":-4.368719100952148},"rotation":{"x":0.17088507115840913,"y":-0.33809587359428408,"z":-0.06257165223360062,"w":-0.9233495593070984},"size":13.093367576599121,"orthographic":false}